-- MySQL dump 10.13  Distrib 5.5.39, for Linux (x86_64)
--
-- Host: localhost    Database: bbm
-- ------------------------------------------------------
-- Server version	5.5.39

/*!40101 SET @OLD_CHARACTER_SET_CLIENT=@@CHARACTER_SET_CLIENT */;
/*!40101 SET @OLD_CHARACTER_SET_RESULTS=@@CHARACTER_SET_RESULTS */;
/*!40101 SET @OLD_COLLATION_CONNECTION=@@COLLATION_CONNECTION */;
/*!40101 SET NAMES utf8 */;
/*!40103 SET @OLD_TIME_ZONE=@@TIME_ZONE */;
/*!40103 SET TIME_ZONE='+00:00' */;
/*!40014 SET @OLD_UNIQUE_CHECKS=@@UNIQUE_CHECKS, UNIQUE_CHECKS=0 */;
/*!40014 SET @OLD_FOREIGN_KEY_CHECKS=@@FOREIGN_KEY_CHECKS, FOREIGN_KEY_CHECKS=0 */;
/*!40101 SET @OLD_SQL_MODE=@@SQL_MODE, SQL_MODE='NO_AUTO_VALUE_ON_ZERO' */;
/*!40111 SET @OLD_SQL_NOTES=@@SQL_NOTES, SQL_NOTES=0 */;

--
-- Table structure for table `admins`
--

DROP TABLE IF EXISTS `admins`;
/*!40101 SET @saved_cs_client     = @@character_set_client */;
/*!40101 SET character_set_client = utf8 */;
CREATE TABLE `admins` (
  `id` int(11) NOT NULL AUTO_INCREMENT,
  `username` varchar(255) DEFAULT NULL,
  `password` varchar(255) DEFAULT NULL,
  `status` tinyint(1) NOT NULL,
  `passwordstatus` tinyint(1) NOT NULL,
  `remembertoken` varchar(255) NOT NULL,
  `created` datetime DEFAULT NULL,
  `modified` datetime DEFAULT NULL,
  PRIMARY KEY (`id`)
) ENGINE=MyISAM AUTO_INCREMENT=4 DEFAULT CHARSET=latin1;
/*!40101 SET character_set_client = @saved_cs_client */;

--
-- Dumping data for table `admins`
--

LOCK TABLES `admins` WRITE;
/*!40000 ALTER TABLE `admins` DISABLE KEYS */;
INSERT INTO `admins` VALUES (1,'admin@admin.com','9a2ce73bde64af02061df81ec8b6c0cb',1,0,'db6269382b517db72e72bc0e16f1aba4','2013-04-26 00:00:00','2013-09-13 10:49:08');
/*!40000 ALTER TABLE `admins` ENABLE KEYS */;
UNLOCK TABLES;

--
-- Table structure for table `bets`
--

DROP TABLE IF EXISTS `bets`;
/*!40101 SET @saved_cs_client     = @@character_set_client */;
/*!40101 SET character_set_client = utf8 */;
CREATE TABLE `bets` (
  `id` int(20) NOT NULL AUTO_INCREMENT,
  `book_id` int(20) NOT NULL,
  `content_id` int(20) NOT NULL,
  `user_id` int(20) NOT NULL,
  `betpoint` int(10) NOT NULL,
  `result_point` int(10) DEFAULT NULL,
  `created` datetime NOT NULL,
  `modified` datetime NOT NULL,
  PRIMARY KEY (`id`)
) ENGINE=InnoDB AUTO_INCREMENT=48 DEFAULT CHARSET=utf8 COLLATE=utf8_unicode_ci;
/*!40101 SET character_set_client = @saved_cs_client */;

--
-- Dumping data for table `bets`
--

LOCK TABLES `bets` WRITE;
/*!40000 ALTER TABLE `bets` DISABLE KEYS */;
INSERT INTO `bets` VALUES (1,8,5,9,100,NULL,'2014-08-08 15:07:15','2014-08-08 15:07:15'),(2,8,4,11,10,NULL,'2014-08-08 15:07:31','2014-08-08 15:07:31'),(3,8,6,11,50,NULL,'2014-08-08 15:07:48','2014-08-08 15:07:48'),(4,8,5,11,32,NULL,'2014-08-08 15:08:14','2014-08-08 15:08:14'),(5,12,19,11,10,59,'2014-08-19 18:05:37','2014-08-19 18:15:39'),(6,12,20,11,50,NULL,'2014-08-19 18:05:52','2014-08-19 18:05:52'),(7,13,23,11,10,NULL,'2014-08-20 14:32:26','2014-08-20 14:32:26'),(8,13,24,11,50,NULL,'2014-08-20 14:32:34','2014-08-20 14:32:34'),(9,14,27,13,10,NULL,'2014-08-24 16:17:11','2014-08-24 16:17:11'),(10,14,27,13,30,NULL,'2014-08-24 16:17:31','2014-08-24 16:17:31'),(11,14,26,11,10,NULL,'2014-08-24 16:17:32','2014-08-24 16:17:32'),(12,14,25,13,10,59,'2014-08-24 16:17:37','2014-08-24 16:35:00'),(13,15,29,13,10,NULL,'2014-08-24 17:11:26','2014-08-24 17:11:26'),(14,15,30,11,5,36,'2014-08-24 17:11:30','2014-08-24 17:20:45'),(15,15,29,11,22,NULL,'2014-08-24 17:11:39','2014-08-24 17:11:39'),(16,16,31,11,9,NULL,'2014-08-24 17:11:51','2014-08-24 17:11:51'),(17,16,32,11,14,NULL,'2014-08-24 17:11:56','2014-08-24 17:11:56'),(18,20,42,11,10,NULL,'2014-08-27 14:44:41','2014-08-27 14:44:41'),(19,20,43,11,10,13,'2014-08-27 14:44:48','2014-08-27 14:45:31'),(20,20,43,11,20,26,'2014-08-27 14:45:03','2014-08-27 14:45:31'),(21,21,45,11,10,108,'2014-08-27 15:20:34','2014-08-27 15:30:32'),(22,21,46,11,100,NULL,'2014-08-27 15:20:40','2014-08-27 15:20:40'),(23,23,52,11,10,NULL,'2014-08-27 16:22:01','2014-08-27 16:22:01'),(24,23,51,11,100,119,'2014-08-27 16:22:22','2014-08-27 16:34:35'),(25,23,53,11,10,NULL,'2014-08-27 16:22:30','2014-08-27 16:22:30'),(26,25,57,11,10,NULL,'2014-08-27 19:52:02','2014-08-27 19:52:02'),(27,26,58,11,10,NULL,'2014-08-28 11:32:10','2014-08-28 11:32:10'),(28,26,59,11,1,NULL,'2014-08-28 11:32:19','2014-08-28 11:32:19'),(29,27,61,11,10,NULL,'2014-08-30 07:30:50','2014-08-30 07:30:50'),(30,27,63,11,2,NULL,'2014-08-30 07:31:04','2014-08-30 07:31:04'),(31,31,74,11,10,12,'2014-08-31 15:35:17','2014-09-04 20:15:57'),(32,31,75,11,3,NULL,'2014-08-31 15:35:28','2014-08-31 15:35:28'),(33,30,70,11,10,NULL,'2014-08-31 16:48:00','2014-08-31 16:48:00'),(34,30,71,11,4,NULL,'2014-08-31 17:56:47','2014-08-31 17:56:47'),(35,34,85,11,5,NULL,'2014-09-01 19:45:39','2014-09-01 19:45:39'),(36,34,84,14,10,14,'2014-09-01 19:45:44','2014-09-01 20:05:52'),(37,35,89,11,20,24,'2014-09-01 20:11:28','2014-09-02 04:58:52'),(38,35,87,14,5,NULL,'2014-09-01 20:12:50','2014-09-01 20:12:50'),(39,42,109,11,2,5,'2014-09-02 20:32:59','2014-09-05 21:27:40'),(40,42,110,14,10,NULL,'2014-09-02 20:34:58','2014-09-02 20:34:58'),(41,42,108,15,10,NULL,'2014-09-04 04:14:31','2014-09-04 04:14:31'),(42,42,110,15,22,NULL,'2014-09-04 04:14:55','2014-09-04 04:14:55'),(43,42,109,14,22,59,'2014-09-05 06:22:58','2014-09-05 21:27:40'),(44,43,112,11,3,NULL,'2014-09-06 11:11:07','2014-09-06 11:11:07'),(45,43,111,14,1,NULL,'2014-09-06 11:11:27','2014-09-06 11:11:27'),(46,43,113,11,1,NULL,'2014-09-06 11:13:35','2014-09-06 11:13:35'),(47,43,111,11,5,NULL,'2014-09-06 11:17:12','2014-09-06 11:17:12');
/*!40000 ALTER TABLE `bets` ENABLE KEYS */;
UNLOCK TABLES;

--
-- Table structure for table `books`
--

DROP TABLE IF EXISTS `books`;
/*!40101 SET @saved_cs_client     = @@character_set_client */;
/*!40101 SET character_set_client = utf8 */;
CREATE TABLE `books` (
  `id` int(20) NOT NULL AUTO_INCREMENT,
  `user_id` int(20) NOT NULL COMMENT 'book create user',
  `title` varchar(320) COLLATE utf8_unicode_ci NOT NULL,
  `bet_all_total` int(10) NOT NULL DEFAULT '0',
  `user_all_count` int(10) NOT NULL DEFAULT '0',
  `state` varchar(100) COLLATE utf8_unicode_ci NOT NULL,
  `category` varchar(100) COLLATE utf8_unicode_ci NOT NULL,
  `bet_start` datetime NOT NULL,
  `bet_finish` datetime NOT NULL,
  `result_time` datetime NOT NULL,
  `time_zone` int(3) NOT NULL COMMENT 'id for table time_zones',
  `result_time_info` int(1) NOT NULL DEFAULT '0' COMMENT '0=false,1=true',
  `timeover_info` int(1) NOT NULL DEFAULT '0' COMMENT '0=false,1=true',
  `details` text COLLATE utf8_unicode_ci NOT NULL,
  `announcement_type` varchar(100) COLLATE utf8_unicode_ci NOT NULL,
  `announcement` text COLLATE utf8_unicode_ci NOT NULL,
  `announcement_name` varchar(320) COLLATE utf8_unicode_ci NOT NULL,
  `result_detail` text COLLATE utf8_unicode_ci,
  `win_contents_id` int(20) DEFAULT NULL,
  `reward_point` int(10) DEFAULT NULL,
  `updates_info` int(1) NOT NULL DEFAULT '0' COMMENT '0=false,1=true',
  `created` datetime NOT NULL,
  `modified` datetime NOT NULL,
  PRIMARY KEY (`id`)
) ENGINE=InnoDB AUTO_INCREMENT=44 DEFAULT CHARSET=utf8 COLLATE=utf8_unicode_ci;
/*!40101 SET character_set_client = @saved_cs_client */;

--
-- Dumping data for table `books`
--

LOCK TABLES `books` WRITE;
/*!40000 ALTER TABLE `books` DISABLE KEYS */;
INSERT INTO `books` VALUES (1,11,'book1',0,0,'Up Coming','Others','2014-07-29 17:34:20','2014-07-30 17:34:24','2014-07-31 17:34:27',6,0,0,'samplesamplesamplesample','web','samplesamplesamplesample','sample',NULL,NULL,NULL,0,'2014-07-14 17:34:59','2014-07-14 17:35:03'),(3,11,'book2',0,0,'Book Delete','Sports','2014-07-16 16:41:20','2014-07-17 16:41:23','2014-07-25 16:41:30',1,0,0,'','','','',NULL,NULL,NULL,0,'2014-07-16 16:42:43','2014-07-16 16:42:46'),(4,11,'book3',0,0,'Bet Now','Sports','2014-07-17 16:41:36','2014-07-25 16:41:39','2014-07-30 16:41:42',1,0,0,'','','','',NULL,NULL,NULL,0,'2014-07-16 16:42:36','2014-07-16 16:42:39'),(5,11,'book4',0,0,'Up Coming','Others','2014-07-16 16:44:21','2014-07-17 16:44:24','2014-07-22 16:44:27',1,0,0,'','','','',NULL,NULL,NULL,0,'2014-07-16 16:44:50','2014-07-16 16:44:48'),(6,2,'book5',0,0,'Result Timeover','Sports','2014-07-17 16:44:34','2014-07-18 16:44:37','2014-07-22 16:44:40',1,0,0,'','','','',NULL,NULL,NULL,0,'2014-07-16 16:44:43','2014-07-16 16:44:45'),(7,9,'sample book 1',0,0,'Up Coming','Sports','2014-08-02 20:20:00','2014-08-02 21:25:00','2014-08-02 23:35:00',69,0,0,'','URL','','sample.com',NULL,NULL,NULL,0,'2014-08-02 20:15:55','2014-08-02 20:15:55'),(8,11,'sample book 2',192,4,'Timeover','Sports','2014-08-02 20:25:00','2014-08-02 21:30:00','2014-08-22 23:40:00',69,0,1,'','URL','','http://hideichi.com',NULL,NULL,NULL,0,'2014-08-02 20:17:46','2014-08-24 15:39:52'),(9,9,'sample book 3',0,0,'result','Sports','2014-08-02 20:25:00','2014-08-02 21:30:00','2014-08-02 23:40:00',69,0,0,'','URL','','','',9,0,0,'2014-08-02 20:19:08','2014-08-02 20:27:29'),(10,9,'sample book 4',0,0,'Timeover','Sports','2014-08-02 20:25:00','2014-08-02 21:30:00','2014-08-02 23:40:00',69,0,1,'Lorem ipsum dolor sit amet, consectetur adipisicing elit. Laboriosam, ab, dignissimos provident mollitia tenetur quas porro iusto inventore excepturi minus voluptatum id alias omnis rerum natus cupiditate quasi illo accusamus.\r\n\r\nLorem ipsum dolor sit amet, consectetur adipisicing elit. Laboriosam, ab, dignissimos provident mollitia tenetur quas porro iusto inventore excepturi minus voluptatum id alias omnis rerum natus cupiditate quasi illo accusamus.\r\n\r\nLorem ipsum dolor sit amet, consectetur adipisicing elit. Laboriosam, ab, dignissimos provident mollitia tenetur quas porro iusto inventore excepturi minus voluptatum id alias omnis rerum natus cupiditate quasi illo accusamus.\r\n\r\nLorem ipsum dolor sit amet, consectetur adipisicing elit. Culpa odio odit laudantium! Enim, quisquam, cupiditate? Nulla, enim, rerum odit cum atque error qui libero iste minus ratione sint quaerat assumenda.','URL','Lorem ipsum dolor sit amet, consectetur adipisicing elit. Laboriosam, ab, dignissimos provident mollitia tenetur quas porro iusto inventore excepturi minus voluptatum id alias omnis rerum natus cupiditate quasi illo accusamus.\r\n\r\nLorem ipsum dolor sit amet, consectetur adipisicing elit. Laboriosam, ab, dignissimos provident mollitia tenetur quas porro iusto inventore excepturi minus voluptatum id alias omnis rerum natus cupiditate quasi illo accusamus.\r\n\r\nLorem ipsum dolor sit amet, consectetur adipisicing elit. Laboriosam, ab, dignissimos provident mollitia tenetur quas porro iusto inventore excepturi minus voluptatum id alias omnis rerum natus cupiditate quasi illo accusamus.\r\n\r\nLorem ipsum dolor sit amet, consectetur adipisicing elit. Culpa odio odit laudantium! Enim, quisquam, cupiditate? Nulla, enim, rerum odit cum atque error qui libero iste minus ratione sint quaerat assumenda.','',NULL,NULL,NULL,0,'2014-08-02 20:21:17','2014-08-24 15:08:00'),(11,11,'test book1',0,0,'delete','Sports','2014-08-19 18:05:00','2014-08-19 19:10:00','2014-08-19 21:20:00',69,0,0,'','URL','','','mistake!',NULL,NULL,0,'2014-08-19 18:00:44','2014-08-19 18:01:09'),(12,11,'test book1',60,2,'result','Sports','2014-08-19 18:05:00','2014-08-19 18:10:00','2014-08-19 21:25:00',69,0,0,'','URL','','','testdayo-nn',19,0,0,'2014-08-19 18:01:34','2014-08-19 18:15:39'),(13,11,'test book 2',60,2,'result','Sports','2014-08-20 14:30:00','2014-08-20 14:40:00','2014-08-20 17:50:00',69,1,0,'test desu','URL','here','http://hideichi.com','detail だよーん',22,0,0,'2014-08-20 14:28:10','2014-08-20 19:05:41'),(14,11,'base ball japan',60,4,'result','Sports','2014-08-24 16:15:00','2014-08-24 16:25:00','2014-08-24 16:35:00',69,0,0,'','URL','どっちが勝つでしょうか？','http://hideichi.com','巨人がホームラン攻勢で圧勝！',25,0,0,'2014-08-24 16:11:33','2014-08-24 16:35:00'),(15,13,'test20140824',37,3,'result','Sports','2014-08-24 17:10:00','2014-08-24 17:15:00','2014-08-24 20:25:00',69,0,0,'','URL','','','',30,0,0,'2014-08-24 17:02:54','2014-08-24 17:20:45'),(16,13,'firefox',23,2,'Timeover','Sports','2014-08-24 17:10:00','2014-08-24 17:15:00','2014-08-24 20:25:00',69,1,1,'','URL','','',NULL,NULL,NULL,0,'2014-08-24 17:05:03','2014-08-25 20:25:01'),(17,11,'test99',0,0,'Timeover','Sports','2014-08-24 18:25:00','2014-08-24 19:35:00','2014-08-24 21:45:00',69,1,1,'','URL','','',NULL,NULL,NULL,0,'2014-08-24 18:23:44','2014-08-25 21:45:01'),(18,11,'日本語テストでーす',0,0,'delete','Other','2014-08-25 19:15:00','2014-08-25 20:20:00','2014-08-25 22:30:00',69,0,0,'誰も知らない世界\r\nあってもなくてもどうでもいい','URL','焼肉定食','','削除のテストでーす',NULL,NULL,0,'2014-08-25 19:10:49','2014-08-25 19:11:20'),(19,11,'日本語テスト２でーす',0,0,'Bet Finish','Sports','2014-08-25 19:35:00','2014-08-31 20:45:00','2014-09-12 22:55:00',69,1,0,'誰も知らない世界\r\nあってもなくてもどうでもいい','URL','焼肉定食','',NULL,NULL,NULL,0,'2014-08-25 19:33:28','2014-08-31 20:50:02'),(20,11,'8月27日　巨人 vs 阪神　',40,3,'result','Sports','2014-08-27 14:40:00','2014-08-27 14:45:00','2014-08-27 17:55:00',69,0,0,'東京ドーム\r\n伝統の一戦っす\r\n\r\nhttp://baseball.yahoo.co.jp/npb/schedule/','URL','勝つのはどちらでしょうー\r\nhttp://baseball.yahoo.co.jp/','http://baseball.yahoo.co.jp/npb/schedule/','はんしーん',43,0,0,'2014-08-27 14:37:00','2014-08-27 14:45:31'),(21,11,'8月27日　巨人 vs 阪神　第２戦',110,2,'result','Sports','2014-08-27 15:20:00','2014-08-27 15:30:00','2014-08-27 18:40:00',69,0,0,'東京ドーム\r\n伝統の一戦っす\r\n\r\nhttp://baseball.yahoo.co.jp/npb/schedule/','URL','勝つのはどちらでしょうー\r\nhttp://baseball.yahoo.co.jp/','http://baseball.yahoo.co.jp/npb/schedule/','今度はきょじーん',45,1,0,'2014-08-27 15:15:49','2014-08-27 15:30:32'),(22,11,'8月27日　巨人 vs 阪神　第3戦',0,0,'result','Sports','2014-08-27 15:50:00','2014-08-27 16:00:00','2014-08-27 19:10:00',69,0,0,'東京ドーム\r\n伝統の一戦っす\r\n\r\nhttp://baseball.yahoo.co.jp/npb/schedule/','URL','勝つのはどちらでしょうー\r\nhttp://baseball.yahoo.co.jp/','http://baseball.yahoo.co.jp/npb/schedule/','ああ',48,0,0,'2014-08-27 15:46:49','2014-08-27 16:03:18'),(23,11,'8月27日　巨人 vs 阪神　第４戦',120,3,'result','Sports','2014-08-27 16:15:00','2014-08-27 16:30:00','2014-08-27 19:35:00',69,0,0,'東京ドーム\r\n伝統の一戦っす\r\n\r\nhttp://baseball.yahoo.co.jp/npb/schedule/','URL','勝つのはどちらでしょうー\r\nhttp://baseball.yahoo.co.jp/','http://baseball.yahoo.co.jp/npb/schedule/','どう？\nすか？',51,1,0,'2014-08-27 16:11:44','2014-08-27 16:34:35'),(24,11,'ああああああああああああああああああああああああああああああああああああああああああああああああああああああああああああああああああああああああああああああああああいい',0,0,'delete','Sports','2014-08-27 19:35:00','2014-08-27 20:40:00','2014-08-27 22:50:00',69,0,0,'','URL','','','ああ',NULL,NULL,0,'2014-08-27 19:29:17','2014-08-27 19:30:39'),(25,11,'ああああああああああああああああああああああああああああああああああああああああああああああああああああああああああああああああああああああああああああああああああいい',10,1,'Timeover','Sports','2014-08-27 19:40:00','2014-08-27 20:45:00','2014-08-27 22:55:00',69,1,1,'','URL','','',NULL,NULL,NULL,0,'2014-08-27 19:31:05','2014-08-28 22:55:02'),(26,11,'8月27日　巨人 vs 阪神　第５戦',11,2,'Timeover','Sports','2014-08-28 10:55:00','2014-08-28 12:00:00','2014-08-28 14:10:00',69,1,1,'東京ドーム\r\n伝統の一戦っす\r\n\r\nhttp://baseball.yahoo.co.jp/npb/schedule/','URL','勝つのはどちらでしょうー\r\nhttp://baseball.yahoo.co.jp/','http://baseball.yahoo.co.jp/npb/schedule/',NULL,NULL,NULL,0,'2014-08-28 10:50:07','2014-08-29 14:10:01'),(27,11,'8月27日　巨人 vs 阪神　第５戦',12,2,'Timeover','Sports','2014-08-30 07:25:00','2014-08-30 09:05:00','2014-08-30 10:40:00',69,1,1,'東京ドーム\r\n伝統の一戦っす\r\n\r\nhttp://baseball.yahoo.co.jp/npb/schedule/','URL','勝つのはどちらでしょうー\r\nhttp://baseball.yahoo.co.jp/','http://baseball.yahoo.co.jp/npb/schedule/',NULL,NULL,NULL,0,'2014-08-30 07:21:21','2014-08-31 10:40:01'),(28,11,'8月27日　巨人 vs 阪神　第6戦',0,0,'delete','Sports','2014-08-31 13:25:00','2014-08-31 14:30:00','2014-08-31 16:40:00',69,1,0,'東京ドーム\r\n伝統の一戦っす\r\n\r\nhttp://baseball.yahoo.co.jp/npb/schedule/','URL','勝つのはどちらでしょうー\r\nhttp://baseball.yahoo.co.jp/','http://baseball.yahoo.co.jp/npb/schedule/','あああ',NULL,NULL,0,'2014-08-31 13:17:07','2014-08-31 14:55:47'),(29,11,'8月27日　巨人 vs 阪神　第７戦',0,0,'delete','Sports','2014-08-31 15:05:00','2014-09-07 16:10:00','2014-09-07 18:20:00',69,0,0,'東京ドーム\r\n伝統の一戦っす\r\n\r\nhttp://baseball.yahoo.co.jp/npb/schedule/','URL','勝つのはどちらでしょうー\r\nhttp://baseball.yahoo.co.jp/','http://baseball.yahoo.co.jp/npb/schedule/','テスト',NULL,NULL,0,'2014-08-31 14:56:30','2014-08-31 17:05:01'),(30,11,'test book999',14,1,'Bet Finish','Other','2014-08-31 15:10:00','2014-09-06 16:20:00','2014-09-07 18:30:00',69,1,0,'It is the announcement of apple soon!','URL','It is the announcement of apple soon!','http://apple.com',NULL,NULL,NULL,0,'2014-08-31 15:09:26','2014-09-06 16:25:02'),(31,11,'book test 777',13,2,'result','Other','2014-08-31 15:35:00','2014-08-31 15:40:00','2014-09-07 18:55:00',69,1,0,'sample detail \r\n\r\nhttp://hideichi.com','URL','Test sample announcemenrt detail\r\n\r\nhttp://hideichi.com','http://hideichi.com','test test',74,0,0,'2014-08-31 15:32:44','2014-09-04 20:15:57'),(32,11,'8月27日　巨人 vs 阪神　第８戦',0,0,'delete','Sports','2014-08-31 17:20:00','2014-08-31 18:25:00','2014-08-31 20:35:00',69,0,0,'東京ドーム\r\n伝統の一戦っす\r\n\r\nhttp://baseball.yahoo.co.jp/npb/schedule/','URL','勝つのはどちらでしょうー\r\nhttp://baseball.yahoo.co.jp/','http://baseball.yahoo.co.jp/npb/schedule/','',NULL,NULL,0,'2014-08-31 17:11:26','2014-08-31 17:11:49'),(33,11,'8月27日　巨人 vs 阪神　第９戦',0,0,'delete','Sports','2014-08-31 17:20:00','2014-08-31 18:25:00','2014-08-31 20:35:00',69,0,0,'東京ドーム\r\n伝統の一戦っす\r\n\r\nhttp://baseball.yahoo.co.jp/npb/schedule/','URL','勝つのはどちらでしょうー\r\nhttp://baseball.yahoo.co.jp/','http://baseball.yahoo.co.jp/npb/schedule/','',NULL,NULL,0,'2014-08-31 17:12:57','2014-08-31 17:14:59'),(34,11,'8月27日　巨人 vs 阪神　第10戦',15,2,'result','Sports','2014-09-01 19:45:00','2014-09-01 19:55:00','2014-09-01 23:05:00',69,1,0,'東京ドーム\r\n伝統の一戦っす\r\n\r\nhttp://baseball.yahoo.co.jp/npb/schedule/','URL','勝つのはどちらでしょうー\r\nhttp://baseball.yahoo.co.jp/','http://baseball.yahoo.co.jp/npb/schedule/','巨人の勝ちー',84,0,0,'2014-09-01 19:42:17','2014-09-01 20:05:52'),(35,14,'8月27日　巨人 vs 阪神　第11戦',25,2,'result','Sports','2014-09-01 20:10:00','2014-09-01 21:15:00','2014-09-01 23:25:00',69,1,0,'東京ドーム\r\n伝統の一戦っす\r\n\r\nhttp://baseball.yahoo.co.jp/npb/schedule/','URL','勝つのはどちらでしょうー\r\nhttp://baseball.yahoo.co.jp/','http://baseball.yahoo.co.jp/npb/schedule/','',89,0,0,'2014-09-01 20:04:02','2014-09-02 04:58:51'),(36,14,'Aguirre Japan, the first game in Hokkaido Japan',0,0,'Up Coming','Sports','2014-09-02 12:00:00','2014-09-05 17:00:00','2014-09-02 09:00:00',69,0,0,'アギーレジャパン初戦！！今後の日本代表を占う大切な初戦です。','TV Program Name','','FUJI TV NETWORK',NULL,NULL,NULL,0,'2014-09-02 06:25:07','2014-09-02 06:25:07'),(37,11,'8月27日　巨人 vs 阪神　第12戦',0,0,'Up Coming','Sports','2014-09-07 12:10:00','2014-09-07 13:15:00','2014-09-07 15:25:00',69,0,0,'東京ドーム\r\n伝統の一戦っす\r\n\r\nhttp://baseball.yahoo.co.jp/npb/schedule/','URL','勝つのはどちらでしょうー\r\nhttp://baseball.yahoo.co.jp/','http://baseball.yahoo.co.jp/npb/schedule/',NULL,NULL,NULL,0,'2014-09-02 12:02:06','2014-09-02 12:02:06'),(38,11,'９月２日　巨人 vs 阪神　第２戦',0,0,'delete','Sports','2014-09-02 18:10:00','2014-09-02 19:15:00','2014-09-02 21:25:00',69,0,0,'東京ドーム\r\n伝統の一戦っす\r\n\r\nhttp://baseball.yahoo.co.jp/npb/schedule/','URL','勝つのはどちらでしょうー\r\nhttp://baseball.yahoo.co.jp/','http://baseball.yahoo.co.jp/npb/schedule/','',NULL,NULL,0,'2014-09-02 18:02:57','2014-09-02 19:04:21'),(39,11,'９月２日　巨人 vs 阪神　第3戦',0,0,'Timeover','Sports','2014-09-02 18:30:00','2014-09-02 20:20:00','2014-09-02 22:30:00',69,1,1,'東京ドーム\r\n伝統の一戦っす\r\n\r\nhttp://baseball.yahoo.co.jp/npb/schedule/','URL','勝つのはどちらでしょうー\r\nhttp://baseball.yahoo.co.jp/','http://baseball.yahoo.co.jp/npb/schedule/',NULL,NULL,NULL,0,'2014-09-02 19:09:11','2014-09-03 22:30:01'),(40,11,'９月２日　巨人 vs 阪神　第２戦',0,0,'Bet Finish','Sports','2014-09-06 14:00:00','2014-09-06 15:00:00','2014-09-06 16:55:00',69,1,0,'東京ドーム\r\n伝統の一戦っす\r\n\r\nhttp://baseball.yahoo.co.jp/npb/schedule/','URL','勝つのはどちらでしょうー\r\nhttp://baseball.yahoo.co.jp/','http://baseball.yahoo.co.jp/npb/schedule/',NULL,NULL,NULL,0,'2014-09-02 19:19:42','2014-09-06 15:05:01'),(41,11,'９月２日　巨人 vs 阪神　第5戦',0,0,'Up Coming','Sports','2014-09-02 19:45:00','0000-00-00 00:00:00','2014-09-02 23:00:00',69,0,0,'東京ドーム\r\n伝統の一戦っす\r\n\r\nhttp://baseball.yahoo.co.jp/npb/schedule/','URL','勝つのはどちらでしょうー\r\nhttp://baseball.yahoo.co.jp/','http://baseball.yahoo.co.jp/npb/schedule/',NULL,NULL,NULL,0,'2014-09-02 19:40:13','2014-09-02 19:40:13'),(42,14,'Aguirre Japan vs Uruguay, the first game in Hokkaido Japan',66,3,'result','Sports','2014-09-02 20:30:00','2014-09-05 17:00:00','2014-09-05 23:00:00',69,1,0,'アギーレJAPAN初戦！！対するウルグアイ、W杯決勝リーグ一回戦で負けるもベスト１６に入る強豪チーム。はたして勝負の行方は？','TV Program Name','','FUJI TV NETWORK','The First GAME of new coach Aguirre.\nJapan Lose.\n\nHow about Next?\n\nFor winner, Congrats!!\nSee you soon.\n\nThis is Fun!!\n\nWe can make it!!\n',109,0,0,'2014-09-02 20:21:10','2014-09-05 21:27:40'),(43,11,'9月6日　巨人 vs 阪神　第1戦',10,2,'Bet Finish','Sports','2014-09-06 11:10:00','2014-09-06 11:30:00','2014-09-07 18:30:00',69,1,0,'東京ドーム\r\n伝統の一戦っす\r\n\r\nhttp://baseball.yahoo.co.jp/npb/schedule/','URL','勝つのはどちらでしょうー\r\nhttp://baseball.yahoo.co.jp/','http://baseball.yahoo.co.jp/npb/schedule/',NULL,NULL,NULL,0,'2014-09-06 11:02:16','2014-09-06 11:35:01');
/*!40000 ALTER TABLE `books` ENABLE KEYS */;
UNLOCK TABLES;

--
-- Table structure for table `breadcrumbs`
--

DROP TABLE IF EXISTS `breadcrumbs`;
/*!40101 SET @saved_cs_client     = @@character_set_client */;
/*!40101 SET character_set_client = utf8 */;
CREATE TABLE `breadcrumbs` (
  `id` int(11) NOT NULL AUTO_INCREMENT,
  `controller` varchar(255) DEFAULT NULL,
  `action` varchar(255) DEFAULT NULL,
  `keyval` varchar(255) DEFAULT NULL,
  `keycontroller` varchar(255) DEFAULT NULL,
  `keyaction` varchar(255) DEFAULT NULL,
  `keylink` tinyint(1) DEFAULT NULL,
  `status` tinyint(1) DEFAULT NULL,
  `created` datetime DEFAULT NULL,
  `modified` datetime DEFAULT NULL,
  PRIMARY KEY (`id`)
) ENGINE=InnoDB AUTO_INCREMENT=14 DEFAULT CHARSET=latin1;
/*!40101 SET character_set_client = @saved_cs_client */;

--
-- Dumping data for table `breadcrumbs`
--

LOCK TABLES `breadcrumbs` WRITE;
/*!40000 ALTER TABLE `breadcrumbs` DISABLE KEYS */;
INSERT INTO `breadcrumbs` VALUES (1,'admins','dashboard','Home','admins','dashboard',0,1,'2013-04-29 12:26:17','2013-04-29 12:26:17'),(2,'admins','changepassword','Home','admins','dashboard',1,1,'2013-04-29 12:26:17','2013-04-29 12:26:17'),(3,'admins','changepassword','Change Password','admins','changepassword',0,1,'2013-04-29 12:26:17','2013-04-29 12:26:17'),(4,'admins','index','Home','admins','dashboard',1,1,'2013-04-29 12:26:17','2013-04-29 12:26:17'),(5,'admins','index','Admins','admins','index',0,1,'2013-04-29 12:26:17','2013-04-29 12:26:17'),(6,'admins','add','Home','admins','dashboard',1,1,'2013-04-29 12:26:17','2013-04-29 12:26:17'),(7,'admins','add','Admins','admins','index',1,1,'2013-04-29 12:26:17','2013-04-29 12:26:17'),(8,'admins','add','Add Admin','admins','index',0,1,'2013-04-29 12:26:17','2013-04-29 12:26:17'),(9,'admins','edit','Home','admins','dashboard',1,1,'2013-04-29 12:26:17','2013-04-29 12:26:17'),(10,'admins','edit','Admins','admins','index',1,1,'2013-04-29 12:26:17','2013-04-29 12:26:17'),(11,'admins','edit','Edit Admin','admins','index',0,1,'2013-04-29 12:26:17','2013-04-29 12:26:17'),(12,'admins','editprofile','Home','admins','dashboard',1,1,'2013-04-29 12:26:17','2013-04-29 12:26:17'),(13,'admins','editprofile','Edit Profile','admins','index',0,1,'2013-04-29 12:26:17','2013-04-29 12:26:17');
/*!40000 ALTER TABLE `breadcrumbs` ENABLE KEYS */;
UNLOCK TABLES;

--
-- Table structure for table `contents`
--

DROP TABLE IF EXISTS `contents`;
/*!40101 SET @saved_cs_client     = @@character_set_client */;
/*!40101 SET character_set_client = utf8 */;
CREATE TABLE `contents` (
  `id` int(20) NOT NULL AUTO_INCREMENT,
  `book_id` int(20) NOT NULL,
  `title` varchar(320) COLLATE utf8_unicode_ci NOT NULL,
  `no` int(2) NOT NULL COMMENT 'Alignment sequence',
  `odds` float(10,2) NOT NULL DEFAULT '1.00',
  `bet_total` int(10) NOT NULL DEFAULT '0',
  `user_count` int(10) NOT NULL DEFAULT '0',
  `created` datetime NOT NULL,
  `modified` datetime NOT NULL,
  PRIMARY KEY (`id`)
) ENGINE=InnoDB AUTO_INCREMENT=114 DEFAULT CHARSET=utf8 COLLATE=utf8_unicode_ci;
/*!40101 SET character_set_client = @saved_cs_client */;

--
-- Dumping data for table `contents`
--

LOCK TABLES `contents` WRITE;
/*!40000 ALTER TABLE `contents` DISABLE KEYS */;
INSERT INTO `contents` VALUES (1,7,'sample content 1',1,1.00,0,0,'2014-08-02 20:15:55','2014-08-02 20:15:55'),(2,7,'sample content 2',2,1.00,0,0,'2014-08-02 20:15:55','2014-08-02 20:15:55'),(3,7,'sample content 3',3,1.00,0,0,'2014-08-02 20:15:55','2014-08-02 20:15:55'),(4,8,'sample content 1',1,19.01,10,1,'2014-08-02 20:17:46','2014-08-08 15:08:14'),(5,8,'sample content 2',2,1.44,132,2,'2014-08-02 20:17:46','2014-08-08 15:08:14'),(6,8,'sample content 3',3,3.80,50,1,'2014-08-02 20:17:46','2014-08-08 15:08:14'),(7,8,'sample content 4',4,1.00,0,0,'2014-08-02 20:17:46','2014-08-08 15:08:14'),(8,9,'sample content 1',1,1.00,0,0,'2014-08-02 20:19:08','2014-08-02 20:19:08'),(9,9,'sample content 2',2,1.00,0,0,'2014-08-02 20:19:08','2014-08-02 20:19:08'),(10,9,'sample content 3',3,1.00,0,0,'2014-08-02 20:19:08','2014-08-02 20:19:08'),(11,9,'sample content 4',4,1.00,0,0,'2014-08-02 20:19:08','2014-08-02 20:19:08'),(12,10,'sample content 1',1,1.00,0,0,'2014-08-02 20:21:17','2014-08-02 20:21:17'),(13,10,'sample content 2',2,1.00,0,0,'2014-08-02 20:21:17','2014-08-02 20:21:17'),(14,10,'sample content 3',3,1.00,0,0,'2014-08-02 20:21:17','2014-08-02 20:21:17'),(15,10,'sample content 4',4,1.00,0,0,'2014-08-02 20:21:17','2014-08-02 20:21:17'),(16,11,'test1',1,1.00,0,0,'2014-08-19 18:00:44','2014-08-19 18:00:44'),(17,11,'test2',2,1.00,0,0,'2014-08-19 18:00:44','2014-08-19 18:00:44'),(18,11,'test3',3,1.00,0,0,'2014-08-19 18:00:44','2014-08-19 18:00:44'),(19,12,'test1',1,5.94,10,1,'2014-08-19 18:01:34','2014-08-19 18:05:52'),(20,12,'test2',2,1.19,50,1,'2014-08-19 18:01:34','2014-08-19 18:05:52'),(21,12,'test3',3,1.00,0,0,'2014-08-19 18:01:34','2014-08-19 18:05:52'),(22,13,'test1',1,1.00,0,0,'2014-08-20 14:28:10','2014-08-20 14:32:34'),(23,13,'test2',2,5.94,10,1,'2014-08-20 14:28:10','2014-08-20 14:32:34'),(24,13,'test3',3,1.19,50,1,'2014-08-20 14:28:10','2014-08-20 14:32:34'),(25,14,'巨人',1,5.94,10,1,'2014-08-24 16:11:33','2014-08-24 16:17:37'),(26,14,'阪神',2,5.94,10,1,'2014-08-24 16:11:33','2014-08-24 16:17:37'),(27,14,'引き分け',3,1.49,40,2,'2014-08-24 16:11:33','2014-08-24 16:17:37'),(28,15,'test',1,1.00,0,0,'2014-08-24 17:02:54','2014-08-24 17:11:39'),(29,15,'test2',2,1.14,32,2,'2014-08-24 17:02:54','2014-08-24 17:11:40'),(30,15,'test3',3,7.33,5,1,'2014-08-24 17:02:54','2014-08-24 17:11:40'),(31,16,'test2',1,2.53,9,1,'2014-08-24 17:05:03','2014-08-24 17:11:57'),(32,16,'test1',2,1.63,14,1,'2014-08-24 17:05:03','2014-08-24 17:11:57'),(33,16,'test3',3,1.00,0,0,'2014-08-24 17:05:03','2014-08-24 17:11:57'),(34,17,'sample11',1,1.00,0,0,'2014-08-24 18:23:44','2014-08-24 18:23:44'),(35,17,'sanmple 33',2,1.00,0,0,'2014-08-24 18:23:44','2014-08-24 18:23:44'),(36,18,'日本語',1,1.00,0,0,'2014-08-25 19:10:49','2014-08-25 19:10:49'),(37,18,'スペイン語',2,1.00,0,0,'2014-08-25 19:10:49','2014-08-25 19:10:49'),(38,18,'ゴゴゴゴゴゴ',3,1.00,0,0,'2014-08-25 19:10:49','2014-08-25 19:10:49'),(39,19,'日本語',1,1.00,0,0,'2014-08-25 19:33:28','2014-08-25 19:33:28'),(40,19,'スペイン語',2,1.00,0,0,'2014-08-25 19:33:28','2014-08-25 19:33:28'),(41,19,'ゴゴゴゴゴゴ',3,1.00,0,0,'2014-08-25 19:33:28','2014-08-25 19:33:28'),(42,20,'巨人',1,3.96,10,1,'2014-08-27 14:37:00','2014-08-27 14:45:03'),(43,20,'阪神',2,1.32,30,2,'2014-08-27 14:37:00','2014-08-27 14:45:03'),(44,20,'引き分け',3,1.00,0,0,'2014-08-27 14:37:00','2014-08-27 14:45:03'),(45,21,'巨人',1,10.89,10,1,'2014-08-27 15:15:49','2014-08-27 15:20:40'),(46,21,'阪神',2,1.09,100,1,'2014-08-27 15:15:49','2014-08-27 15:20:40'),(47,21,'引き分け',3,1.00,0,0,'2014-08-27 15:15:49','2014-08-27 15:20:40'),(48,22,'巨人',1,1.00,0,0,'2014-08-27 15:46:49','2014-08-27 15:46:49'),(49,22,'阪神',2,1.00,0,0,'2014-08-27 15:46:49','2014-08-27 15:46:49'),(50,22,'引き分け',3,1.00,0,0,'2014-08-27 15:46:49','2014-08-27 15:46:49'),(51,23,'巨人',1,1.19,100,1,'2014-08-27 16:11:44','2014-08-27 16:22:30'),(52,23,'阪神',2,11.88,10,1,'2014-08-27 16:11:44','2014-08-27 16:22:30'),(53,23,'引き分け',3,11.88,10,1,'2014-08-27 16:11:44','2014-08-27 16:22:30'),(54,24,'どう？',1,1.00,0,0,'2014-08-27 19:29:17','2014-08-27 19:29:17'),(55,24,'すか？',2,1.00,0,0,'2014-08-27 19:29:17','2014-08-27 19:29:17'),(56,25,'どうどうどうどうどうどうどうどうどうどうどうどうどうどうどうどうどうどうどうどうどうどうどうどうどうどうどうどうどうどうどうどうどうどうどうどうどうどうどうどうどう？',1,1.00,0,0,'2014-08-27 19:31:05','2014-08-27 19:52:02'),(57,25,'すかすかすかすかすかすかすかすかすかすかすかすかすかすかすかすかすかすかすかすかすかすかすかすかすかすかすかかかかかかかか？',2,0.99,10,1,'2014-08-27 19:31:05','2014-08-27 19:52:02'),(58,26,'巨人',1,1.09,10,1,'2014-08-28 10:50:07','2014-08-28 11:32:19'),(59,26,'阪神',2,10.89,1,1,'2014-08-28 10:50:07','2014-08-28 11:32:19'),(60,26,'引き分け',3,1.00,0,0,'2014-08-28 10:50:07','2014-08-28 11:32:19'),(61,27,'巨人',1,1.19,10,1,'2014-08-30 07:21:21','2014-08-30 07:31:04'),(62,27,'阪神',2,1.00,0,0,'2014-08-30 07:21:21','2014-08-30 07:31:04'),(63,27,'引き分け',3,5.94,2,1,'2014-08-30 07:21:21','2014-08-30 07:31:04'),(64,28,'巨人',1,1.00,0,0,'2014-08-31 13:17:07','2014-08-31 13:17:07'),(65,28,'阪神',2,1.00,0,0,'2014-08-31 13:17:07','2014-08-31 13:17:07'),(66,28,'引き分け',3,1.00,0,0,'2014-08-31 13:17:07','2014-08-31 13:17:07'),(67,29,'巨人',1,1.00,0,0,'2014-08-31 14:56:30','2014-08-31 14:56:30'),(68,29,'阪神',2,1.00,0,0,'2014-08-31 14:56:30','2014-08-31 14:56:30'),(69,29,'引き分け',3,1.00,0,0,'2014-08-31 14:56:30','2014-08-31 14:56:30'),(70,30,'apple',1,1.39,10,1,'2014-08-31 15:09:26','2014-08-31 17:56:48'),(71,30,'google',2,3.46,4,1,'2014-08-31 15:09:26','2014-08-31 17:56:48'),(72,30,'amazon',3,1.00,0,0,'2014-08-31 15:09:26','2014-08-31 17:56:48'),(73,30,'microsoft',4,1.00,0,0,'2014-08-31 15:09:26','2014-08-31 17:56:48'),(74,31,'apple',1,1.29,10,1,'2014-08-31 15:32:44','2014-08-31 15:35:28'),(75,31,'oreange',2,4.29,3,1,'2014-08-31 15:32:44','2014-08-31 15:35:28'),(76,31,'momo',3,1.00,0,0,'2014-08-31 15:32:44','2014-08-31 15:35:28'),(77,31,'melon',4,1.00,0,0,'2014-08-31 15:32:44','2014-08-31 15:35:28'),(78,32,'巨人',1,1.00,0,0,'2014-08-31 17:11:26','2014-08-31 17:11:26'),(79,32,'阪神',2,1.00,0,0,'2014-08-31 17:11:26','2014-08-31 17:11:26'),(80,32,'引き分け',3,1.00,0,0,'2014-08-31 17:11:26','2014-08-31 17:11:26'),(81,33,'巨人',1,1.00,0,0,'2014-08-31 17:12:57','2014-08-31 17:12:57'),(82,33,'阪神',2,1.00,0,0,'2014-08-31 17:12:57','2014-08-31 17:12:57'),(83,33,'引き分け',3,1.00,0,0,'2014-08-31 17:12:57','2014-08-31 17:12:57'),(84,34,'巨人',1,1.49,10,1,'2014-09-01 19:42:17','2014-09-01 19:45:44'),(85,34,'阪神',2,2.97,5,1,'2014-09-01 19:42:17','2014-09-01 19:45:44'),(86,34,'引き分け',3,1.00,0,0,'2014-09-01 19:42:17','2014-09-01 19:45:44'),(87,35,'巨人',1,4.95,5,1,'2014-09-01 20:04:02','2014-09-01 20:12:50'),(88,35,'阪神',2,1.00,0,0,'2014-09-01 20:04:02','2014-09-01 20:12:50'),(89,35,'引き分け',3,1.24,20,1,'2014-09-01 20:04:02','2014-09-01 20:12:50'),(90,36,'Japan',1,1.00,0,0,'2014-09-02 06:25:08','2014-09-02 06:25:08'),(91,36,'Uruguay',2,1.00,0,0,'2014-09-02 06:25:08','2014-09-02 06:25:08'),(92,36,'Drow',3,1.00,0,0,'2014-09-02 06:25:08','2014-09-02 06:25:08'),(93,37,'巨人',1,1.00,0,0,'2014-09-02 12:02:06','2014-09-02 12:02:06'),(94,37,'阪神',2,1.00,0,0,'2014-09-02 12:02:06','2014-09-02 12:02:06'),(95,37,'引き分け',3,1.00,0,0,'2014-09-02 12:02:06','2014-09-02 12:02:06'),(96,38,'巨人',1,1.00,0,0,'2014-09-02 18:02:57','2014-09-02 18:02:57'),(97,38,'阪神',2,1.00,0,0,'2014-09-02 18:02:57','2014-09-02 18:02:57'),(98,38,'引き分け',3,1.00,0,0,'2014-09-02 18:02:57','2014-09-02 18:02:57'),(99,39,'巨人',1,1.00,0,0,'2014-09-02 19:09:11','2014-09-02 19:09:11'),(100,39,'阪神',2,1.00,0,0,'2014-09-02 19:09:11','2014-09-02 19:09:11'),(101,39,'引き分け',3,1.00,0,0,'2014-09-02 19:09:11','2014-09-02 19:09:11'),(102,40,'巨人',1,1.00,0,0,'2014-09-02 19:19:42','2014-09-02 19:19:42'),(103,40,'阪神',2,1.00,0,0,'2014-09-02 19:19:42','2014-09-02 19:19:42'),(104,40,'引き分け',3,1.00,0,0,'2014-09-02 19:19:42','2014-09-02 19:19:42'),(105,41,'巨人',1,1.00,0,0,'2014-09-02 19:40:13','2014-09-02 19:40:13'),(106,41,'阪神',2,1.00,0,0,'2014-09-02 19:40:13','2014-09-02 19:40:13'),(107,41,'引き分け',3,1.00,0,0,'2014-09-02 19:40:13','2014-09-02 19:40:13'),(108,42,'Japan Win',1,6.53,10,1,'2014-09-02 20:21:10','2014-09-05 06:22:59'),(109,42,'Uruguay Win',2,2.72,24,2,'2014-09-02 20:21:10','2014-09-05 06:22:59'),(110,42,'Drow',3,2.04,32,2,'2014-09-02 20:21:10','2014-09-05 06:22:59'),(111,43,'巨人',1,1.65,6,2,'2014-09-06 11:02:16','2014-09-06 11:17:13'),(112,43,'阪神',2,3.30,3,1,'2014-09-06 11:02:16','2014-09-06 11:17:13'),(113,43,'引き分け',3,9.90,1,1,'2014-09-06 11:02:16','2014-09-06 11:17:13');
/*!40000 ALTER TABLE `contents` ENABLE KEYS */;
UNLOCK TABLES;

--
-- Table structure for table `passbooks`
--

DROP TABLE IF EXISTS `passbooks`;
/*!40101 SET @saved_cs_client     = @@character_set_client */;
/*!40101 SET character_set_client = utf8 */;
CREATE TABLE `passbooks` (
  `id` int(20) NOT NULL AUTO_INCREMENT,
  `user_id` int(20) NOT NULL,
  `book_id` int(20) DEFAULT NULL,
  `content_id` int(20) DEFAULT NULL,
  `bet_id` int(20) DEFAULT NULL,
  `point` int(10) NOT NULL,
  `balance` int(10) NOT NULL,
  `event` varchar(100) COLLATE utf8_unicode_ci NOT NULL COMMENT 'ex) bet',
  `created` datetime NOT NULL,
  `modified` datetime NOT NULL,
  PRIMARY KEY (`id`)
) ENGINE=InnoDB AUTO_INCREMENT=90 DEFAULT CHARSET=utf8 COLLATE=utf8_unicode_ci;
/*!40101 SET character_set_client = @saved_cs_client */;

--
-- Dumping data for table `passbooks`
--

LOCK TABLES `passbooks` WRITE;
/*!40000 ALTER TABLE `passbooks` DISABLE KEYS */;
INSERT INTO `passbooks` VALUES (1,9,9,9,NULL,0,0,'reward','2014-08-02 20:27:29','2014-08-02 20:27:29'),(2,10,NULL,NULL,NULL,1000,1000,'welcome','2014-08-08 15:03:58','2014-08-08 15:03:58'),(3,9,8,5,1,100,900,'bet','2014-08-08 15:07:15','2014-08-08 15:07:15'),(4,10,8,4,2,10,990,'bet','2014-08-08 15:07:31','2014-08-08 15:07:31'),(5,10,8,6,3,50,940,'bet','2014-08-08 15:07:48','2014-08-08 15:07:48'),(6,10,8,5,4,32,908,'bet','2014-08-08 15:08:14','2014-08-08 15:08:14'),(7,11,NULL,NULL,NULL,1000,1000,'welcome','2014-08-19 17:38:01','2014-08-19 17:38:01'),(8,11,12,19,5,10,990,'bet','2014-08-19 18:05:37','2014-08-19 18:05:37'),(9,11,12,20,6,50,940,'bet','2014-08-19 18:05:52','2014-08-19 18:05:52'),(10,11,12,19,5,59,999,'win','2014-08-19 18:15:39','2014-08-19 18:15:39'),(11,11,12,NULL,NULL,0,999,'reward','2014-08-19 18:15:39','2014-08-19 18:15:39'),(12,11,13,23,7,10,989,'bet','2014-08-20 14:32:26','2014-08-20 14:32:26'),(13,11,13,24,8,50,939,'bet','2014-08-20 14:32:34','2014-08-20 14:32:34'),(14,11,13,NULL,NULL,0,939,'reward','2014-08-20 19:05:41','2014-08-20 19:05:41'),(15,12,NULL,NULL,NULL,1000,1000,'welcome','2014-08-21 13:32:33','2014-08-21 13:32:33'),(16,11,8,5,4,32,971,'return','2014-08-24 15:39:52','2014-08-24 15:39:52'),(17,11,8,6,3,50,1021,'return','2014-08-24 15:39:52','2014-08-24 15:39:52'),(18,11,8,4,2,10,1031,'return','2014-08-24 15:39:52','2014-08-24 15:39:52'),(19,9,8,5,1,100,1000,'return','2014-08-24 15:39:52','2014-08-24 15:39:52'),(20,13,NULL,NULL,NULL,1000,1000,'welcome','2014-08-24 16:04:53','2014-08-24 16:04:53'),(21,13,14,27,9,10,990,'bet','2014-08-24 16:17:11','2014-08-24 16:17:11'),(22,13,14,27,10,30,960,'bet','2014-08-24 16:17:31','2014-08-24 16:17:31'),(23,11,14,26,11,10,1021,'bet','2014-08-24 16:17:32','2014-08-24 16:17:32'),(24,13,14,25,12,10,950,'bet','2014-08-24 16:17:37','2014-08-24 16:17:37'),(25,13,14,25,12,59,1009,'win','2014-08-24 16:35:00','2014-08-24 16:35:00'),(26,11,14,NULL,NULL,0,1021,'reward','2014-08-24 16:35:00','2014-08-24 16:35:00'),(27,13,15,29,13,10,999,'bet','2014-08-24 17:11:26','2014-08-24 17:11:26'),(28,11,15,30,14,5,1016,'bet','2014-08-24 17:11:30','2014-08-24 17:11:30'),(29,11,15,29,15,22,994,'bet','2014-08-24 17:11:39','2014-08-24 17:11:39'),(30,11,16,31,16,9,985,'bet','2014-08-24 17:11:51','2014-08-24 17:11:51'),(31,11,16,32,17,14,971,'bet','2014-08-24 17:11:56','2014-08-24 17:11:56'),(32,11,15,30,14,36,1007,'win','2014-08-24 17:20:45','2014-08-24 17:20:45'),(33,13,15,NULL,NULL,0,999,'reward','2014-08-24 17:20:45','2014-08-24 17:20:45'),(34,11,16,32,17,14,1021,'return','2014-08-25 20:25:01','2014-08-25 20:25:01'),(35,11,16,31,16,9,1030,'return','2014-08-25 20:25:01','2014-08-25 20:25:01'),(36,11,20,42,18,10,1020,'bet','2014-08-27 14:44:41','2014-08-27 14:44:41'),(37,11,20,43,19,10,1010,'bet','2014-08-27 14:44:48','2014-08-27 14:44:48'),(38,11,20,43,20,20,990,'bet','2014-08-27 14:45:03','2014-08-27 14:45:03'),(39,11,20,43,20,26,1016,'win','2014-08-27 14:45:31','2014-08-27 14:45:31'),(40,11,20,43,19,13,1029,'win','2014-08-27 14:45:31','2014-08-27 14:45:31'),(41,11,20,NULL,NULL,0,1029,'reward','2014-08-27 14:45:31','2014-08-27 14:45:31'),(42,11,21,45,21,10,1019,'bet','2014-08-27 15:20:34','2014-08-27 15:20:34'),(43,11,21,46,22,100,919,'bet','2014-08-27 15:20:40','2014-08-27 15:20:40'),(44,11,21,45,21,108,1027,'win','2014-08-27 15:30:32','2014-08-27 15:30:32'),(45,11,21,NULL,NULL,1,1028,'reward','2014-08-27 15:30:32','2014-08-27 15:30:32'),(46,11,22,NULL,NULL,0,1028,'reward','2014-08-27 16:03:18','2014-08-27 16:03:18'),(47,11,23,52,23,10,1018,'bet','2014-08-27 16:22:01','2014-08-27 16:22:01'),(48,11,23,51,24,100,918,'bet','2014-08-27 16:22:22','2014-08-27 16:22:22'),(49,11,23,53,25,10,908,'bet','2014-08-27 16:22:30','2014-08-27 16:22:30'),(50,11,23,51,24,119,1027,'win','2014-08-27 16:34:35','2014-08-27 16:34:35'),(51,11,23,NULL,NULL,1,1028,'reward','2014-08-27 16:34:35','2014-08-27 16:34:35'),(52,11,25,57,26,10,1018,'bet','2014-08-27 19:52:02','2014-08-27 19:52:02'),(53,11,26,58,27,10,1008,'bet','2014-08-28 11:32:10','2014-08-28 11:32:10'),(54,11,26,59,28,1,1007,'bet','2014-08-28 11:32:19','2014-08-28 11:32:19'),(55,11,25,57,26,10,1017,'return','2014-08-28 22:55:02','2014-08-28 22:55:02'),(56,11,26,59,28,1,1018,'return','2014-08-29 14:10:01','2014-08-29 14:10:01'),(57,11,26,58,27,10,1028,'return','2014-08-29 14:10:01','2014-08-29 14:10:01'),(58,11,27,61,29,10,1018,'bet','2014-08-30 07:30:51','2014-08-30 07:30:51'),(59,11,27,63,30,2,1016,'bet','2014-08-30 07:31:04','2014-08-30 07:31:04'),(60,11,27,63,30,2,1018,'return','2014-08-31 10:40:01','2014-08-31 10:40:01'),(61,11,27,61,29,10,1028,'return','2014-08-31 10:40:01','2014-08-31 10:40:01'),(62,11,31,74,31,10,1018,'bet','2014-08-31 15:35:17','2014-08-31 15:35:17'),(63,11,31,75,32,3,1015,'bet','2014-08-31 15:35:28','2014-08-31 15:35:28'),(64,11,30,70,33,10,1005,'bet','2014-08-31 16:48:00','2014-08-31 16:48:00'),(65,11,30,71,34,4,1001,'bet','2014-08-31 17:56:48','2014-08-31 17:56:48'),(66,14,NULL,NULL,NULL,1000,1000,'welcome','2014-09-01 19:35:48','2014-09-01 19:35:48'),(67,11,34,85,35,5,996,'bet','2014-09-01 19:45:39','2014-09-01 19:45:39'),(68,14,34,84,36,10,990,'bet','2014-09-01 19:45:44','2014-09-01 19:45:44'),(69,14,34,84,36,14,1004,'win','2014-09-01 20:05:52','2014-09-01 20:05:52'),(70,11,34,NULL,NULL,0,996,'reward','2014-09-01 20:05:52','2014-09-01 20:05:52'),(71,11,35,89,37,20,976,'bet','2014-09-01 20:11:28','2014-09-01 20:11:28'),(72,14,35,87,38,5,999,'bet','2014-09-01 20:12:50','2014-09-01 20:12:50'),(73,11,35,89,37,24,1000,'win','2014-09-02 04:58:52','2014-09-02 04:58:52'),(74,14,35,NULL,NULL,0,999,'reward','2014-09-02 04:58:53','2014-09-02 04:58:53'),(75,11,42,109,39,2,998,'bet','2014-09-02 20:32:59','2014-09-02 20:32:59'),(76,14,42,110,40,10,989,'bet','2014-09-02 20:34:58','2014-09-02 20:34:58'),(77,15,NULL,NULL,NULL,1000,1000,'welcome','2014-09-04 03:51:29','2014-09-04 03:51:29'),(78,15,42,108,41,10,990,'bet','2014-09-04 04:14:31','2014-09-04 04:14:31'),(79,15,42,110,42,22,968,'bet','2014-09-04 04:14:56','2014-09-04 04:14:56'),(80,11,31,74,31,12,1010,'win','2014-09-04 20:15:57','2014-09-04 20:15:57'),(81,11,31,NULL,NULL,0,1010,'reward','2014-09-04 20:15:57','2014-09-04 20:15:57'),(82,14,42,109,43,22,967,'bet','2014-09-05 06:22:59','2014-09-05 06:22:59'),(83,14,42,109,43,59,1026,'win','2014-09-05 21:27:40','2014-09-05 21:27:40'),(84,11,42,109,39,5,1015,'win','2014-09-05 21:27:40','2014-09-05 21:27:40'),(85,14,42,NULL,NULL,0,1026,'reward','2014-09-05 21:27:40','2014-09-05 21:27:40'),(86,11,43,112,44,3,1012,'bet','2014-09-06 11:11:07','2014-09-06 11:11:07'),(87,14,43,111,45,1,1025,'bet','2014-09-06 11:11:27','2014-09-06 11:11:27'),(88,11,43,113,46,1,1011,'bet','2014-09-06 11:13:35','2014-09-06 11:13:35'),(89,11,43,111,47,5,1006,'bet','2014-09-06 11:17:13','2014-09-06 11:17:13');
/*!40000 ALTER TABLE `passbooks` ENABLE KEYS */;
UNLOCK TABLES;

--
-- Table structure for table `time_zones`
--

DROP TABLE IF EXISTS `time_zones`;
/*!40101 SET @saved_cs_client     = @@character_set_client */;
/*!40101 SET character_set_client = utf8 */;
CREATE TABLE `time_zones` (
  `id` int(11) NOT NULL,
  `gmtAdjustment` varchar(20) NOT NULL,
  `useDaylightTime` tinyint(4) NOT NULL,
  `value` float(5,2) NOT NULL,
  `title` varchar(100) NOT NULL,
  PRIMARY KEY (`id`)
) ENGINE=InnoDB DEFAULT CHARSET=latin1;
/*!40101 SET character_set_client = @saved_cs_client */;

--
-- Dumping data for table `time_zones`
--

LOCK TABLES `time_zones` WRITE;
/*!40000 ALTER TABLE `time_zones` DISABLE KEYS */;
INSERT INTO `time_zones` VALUES (1,'GMT-12:00',0,-12.00,'(GMT-12:00) International Date Line West'),(2,'GMT-11:00',0,-11.00,'(GMT-11:00) Midway Island, Samoa'),(3,'GMT-10:00',0,-10.00,'(GMT-10:00) Hawaii'),(4,'GMT-09:00',1,-9.00,'(GMT-09:00) Alaska'),(5,'GMT-08:00',1,-8.00,'(GMT-08:00) Pacific Time (US & Canada)'),(6,'GMT-08:00',1,-8.00,'(GMT-08:00) Tijuana, Baja California'),(7,'GMT-07:00',0,-7.00,'(GMT-07:00) Arizona'),(8,'GMT-07:00',1,-7.00,'(GMT-07:00) Chihuahua, La Paz, Mazatlan'),(9,'GMT-07:00',1,-7.00,'(GMT-07:00) Mountain Time (US & Canada)'),(10,'GMT-06:00',0,-6.00,'(GMT-06:00) Central America'),(11,'GMT-06:00',1,-6.00,'(GMT-06:00) Central Time (US & Canada)'),(12,'GMT-06:00',1,-6.00,'(GMT-06:00) Guadalajara, Mexico City, Monterrey'),(13,'GMT-06:00',0,-6.00,'(GMT-06:00) Saskatchewan'),(14,'GMT-05:00',0,-5.00,'(GMT-05:00) Bogota, Lima, Quito, Rio Branco'),(15,'GMT-05:00',1,-5.00,'(GMT-05:00) Eastern Time (US & Canada)'),(16,'GMT-05:00',1,-5.00,'(GMT-05:00) Indiana (East)'),(17,'GMT-04:00',1,-4.00,'(GMT-04:00) Atlantic Time (Canada)'),(18,'GMT-04:00',0,-4.00,'(GMT-04:00) Caracas, La Paz'),(19,'GMT-04:00',0,-4.00,'(GMT-04:00) Manaus'),(20,'GMT-04:00',1,-4.00,'(GMT-04:00) Santiago'),(21,'GMT-03:30',1,-3.50,'(GMT-03:30) Newfoundland'),(22,'GMT-03:00',1,-3.00,'(GMT-03:00) Brasilia'),(23,'GMT-03:00',0,-3.00,'(GMT-03:00) Buenos Aires, Georgetown'),(24,'GMT-03:00',1,-3.00,'(GMT-03:00) Greenland'),(25,'GMT-03:00',1,-3.00,'(GMT-03:00) Montevideo'),(26,'GMT-02:00',1,-2.00,'(GMT-02:00) Mid-Atlantic'),(27,'GMT-01:00',0,-1.00,'(GMT-01:00) Cape Verde Is.'),(28,'GMT-01:00',1,-1.00,'(GMT-01:00) Azores'),(29,'GMT+00:00',0,0.00,'(GMT+00:00) Casablanca, Monrovia, Reykjavik'),(30,'GMT+00:00',1,0.00,'(GMT+00:00) Greenwich Mean Time : Dublin, Edinburgh, Lisbon, London'),(31,'GMT+01:00',1,1.00,'(GMT+01:00) Amsterdam, Berlin, Bern, Rome, Stockholm, Vienna'),(32,'GMT+01:00',1,1.00,'(GMT+01:00) Belgrade, Bratislava, Budapest, Ljubljana, Prague'),(33,'GMT+01:00',1,1.00,'(GMT+01:00) Brussels, Copenhagen, Madrid, Paris'),(34,'GMT+01:00',1,1.00,'(GMT+01:00) Sarajevo, Skopje, Warsaw, Zagreb'),(35,'GMT+01:00',1,1.00,'(GMT+01:00) West Central Africa'),(36,'GMT+02:00',1,2.00,'(GMT+02:00) Amman'),(37,'GMT+02:00',1,2.00,'(GMT+02:00) Athens, Bucharest, Istanbul'),(38,'GMT+02:00',1,2.00,'(GMT+02:00) Beirut'),(39,'GMT+02:00',1,2.00,'(GMT+02:00) Cairo'),(40,'GMT+02:00',0,2.00,'(GMT+02:00) Harare, Pretoria'),(41,'GMT+02:00',1,2.00,'(GMT+02:00) Helsinki, Kyiv, Riga, Sofia, Tallinn, Vilnius'),(42,'GMT+02:00',1,2.00,'(GMT+02:00) Jerusalem'),(43,'GMT+02:00',1,2.00,'(GMT+02:00) Minsk'),(44,'GMT+02:00',1,2.00,'(GMT+02:00) Windhoek'),(45,'GMT+03:00',0,3.00,'(GMT+03:00) Kuwait, Riyadh, Baghdad'),(46,'GMT+03:00',1,3.00,'(GMT+03:00) Moscow, St. Petersburg, Volgograd'),(47,'GMT+03:00',0,3.00,'(GMT+03:00) Nairobi'),(48,'GMT+03:00',0,3.00,'(GMT+03:00) Tbilisi'),(49,'GMT+03:30',1,3.50,'(GMT+03:30) Tehran'),(50,'GMT+04:00',0,4.00,'(GMT+04:00) Abu Dhabi, Muscat'),(51,'GMT+04:00',1,4.00,'(GMT+04:00) Baku'),(52,'GMT+04:00',1,4.00,'(GMT+04:00) Yerevan'),(53,'GMT+04:30',0,4.50,'(GMT+04:30) Kabul'),(54,'GMT+05:00',1,5.00,'(GMT+05:00) Yekaterinburg'),(55,'GMT+05:00',0,5.00,'(GMT+05:00) Islamabad, Karachi, Tashkent'),(56,'GMT+05:30',0,5.50,'(GMT+05:30) Sri Jayawardenapura'),(57,'GMT+05:30',0,5.50,'(GMT+05:30) Chennai, Kolkata, Mumbai, New Delhi'),(58,'GMT+05:45',0,5.75,'(GMT+05:45) Kathmandu'),(59,'GMT+06:00',1,6.00,'(GMT+06:00) Almaty, Novosibirsk'),(60,'GMT+06:00',0,6.00,'(GMT+06:00) Astana, Dhaka'),(61,'GMT+06:30',0,6.50,'(GMT+06:30) Yangon (Rangoon)'),(62,'GMT+07:00',0,7.00,'(GMT+07:00) Bangkok, Hanoi, Jakarta'),(63,'GMT+07:00',1,7.00,'(GMT+07:00) Krasnoyarsk'),(64,'GMT+08:00',0,8.00,'(GMT+08:00) Beijing, Chongqing, Hong Kong, Urumqi'),(65,'GMT+08:00',0,8.00,'(GMT+08:00) Kuala Lumpur, Singapore'),(66,'GMT+08:00',0,8.00,'(GMT+08:00) Irkutsk, Ulaan Bataar'),(67,'GMT+08:00',0,8.00,'(GMT+08:00) Perth'),(68,'GMT+08:00',0,8.00,'(GMT+08:00) Taipei'),(69,'GMT+09:00',0,9.00,'(GMT+09:00) Osaka, Sapporo, Tokyo'),(70,'GMT+09:00',0,9.00,'(GMT+09:00) Seoul'),(71,'GMT+09:00',1,9.00,'(GMT+09:00) Yakutsk'),(72,'GMT+09:30',0,9.50,'(GMT+09:30) Adelaide'),(73,'GMT+09:30',0,9.50,'(GMT+09:30) Darwin'),(74,'GMT+10:00',0,10.00,'(GMT+10:00) Brisbane'),(75,'GMT+10:00',1,10.00,'(GMT+10:00) Canberra, Melbourne, Sydney'),(76,'GMT+10:00',1,10.00,'(GMT+10:00) Hobart'),(77,'GMT+10:00',0,10.00,'(GMT+10:00) Guam, Port Moresby'),(78,'GMT+10:00',1,10.00,'(GMT+10:00) Vladivostok'),(79,'GMT+11:00',1,11.00,'(GMT+11:00) Magadan, Solomon Is., New Caledonia'),(80,'GMT+12:00',1,12.00,'(GMT+12:00) Auckland, Wellington'),(81,'GMT+12:00',0,12.00,'(GMT+12:00) Fiji, Kamchatka, Marshall Is.'),(82,'GMT+13:00',0,13.00,'(GMT+13:00) Nuku\'alofa');
/*!40000 ALTER TABLE `time_zones` ENABLE KEYS */;
UNLOCK TABLES;

--
-- Table structure for table `updates`
--

DROP TABLE IF EXISTS `updates`;
/*!40101 SET @saved_cs_client     = @@character_set_client */;
/*!40101 SET character_set_client = utf8 */;
CREATE TABLE `updates` (
  `id` int(20) NOT NULL AUTO_INCREMENT,
  `book_id` int(20) DEFAULT NULL,
  `user_id` int(20) DEFAULT NULL,
  `event` varchar(10) COLLATE utf8_unicode_ci NOT NULL COMMENT 'ex) bet_start',
  `content` text COLLATE utf8_unicode_ci NOT NULL,
  `created` datetime NOT NULL,
  `modified` datetime NOT NULL,
  PRIMARY KEY (`id`)
) ENGINE=InnoDB AUTO_INCREMENT=39 DEFAULT CHARSET=utf8 COLLATE=utf8_unicode_ci;
/*!40101 SET character_set_client = @saved_cs_client */;

--
-- Dumping data for table `updates`
--

LOCK TABLES `updates` WRITE;
/*!40000 ALTER TABLE `updates` DISABLE KEYS */;
INSERT INTO `updates` VALUES (1,NULL,NULL,'test','sample sample','2014-08-19 12:41:01','2014-08-19 12:41:04'),(2,12,NULL,'bet_start','[Bet Now!] test book1 | Bet start time:2014/08/19 18:05 , The bet has started!','2014-08-19 18:05:21','2014-08-19 18:05:21'),(3,12,NULL,'bet_result','[Result Announcement!] test book1 | Announcement time:2014/08/19 18:15 ,  The results have been announced!','2014-08-19 18:15:39','2014-08-19 18:15:39'),(4,13,NULL,'bet_start','[Bet Now!] test book 2 | Bet start time:2014/08/20 14:30 , The bet has started!','2014-08-20 14:31:15','2014-08-20 14:31:15'),(5,13,NULL,'bet_result','[Result Announcement!] test book 2 | Announcement time:2014/08/20 19:05 ,  The results have been announced!','2014-08-20 19:05:41','2014-08-20 19:05:41'),(6,14,NULL,'bet_start','[Bet Now!] base ball japan | Bet start time:2014/08/24 16:15 , The bet has started!','2014-08-24 16:15:51','2014-08-24 16:15:51'),(7,14,NULL,'bet_result','[Result Announcement!] base ball japan | Announcement time:2014/08/24 16:35 ,  The results have been announced!','2014-08-24 16:35:00','2014-08-24 16:35:00'),(8,15,NULL,'bet_start','[Bet Now!] test20140824 | Bet start time:2014/08/24 17:10 , The bet has started!','2014-08-24 17:10:33','2014-08-24 17:10:33'),(9,16,NULL,'bet_start','[Bet Now!] firefox | Bet start time:2014/08/24 17:10 , The bet has started!','2014-08-24 17:10:33','2014-08-24 17:10:33'),(10,15,NULL,'bet_result','[Result Announcement!] test20140824 | Announcement time:2014/08/24 17:20 ,  The results have been announced!','2014-08-24 17:20:45','2014-08-24 17:20:45'),(11,17,NULL,'bet_start','[Bet Now!] test99 | Bet start time:2014/08/24 18:25 , The bet has started!','2014-08-24 18:25:01','2014-08-24 18:25:01'),(12,19,NULL,'bet_start','[Bet Now!] 日本語テスト２でーす | Bet start time:2014/08/25 19:35 , The bet has started!','2014-08-25 19:35:01','2014-08-25 19:35:01'),(13,20,NULL,'bet_start','[Bet Now!] 8月27日　巨人 vs 阪神　 | Bet start time:2014/08/27 14:40 , The bet has started!','2014-08-27 14:40:02','2014-08-27 14:40:02'),(14,20,NULL,'bet_result','[Result Announcement!] 8月27日　巨人 vs 阪神　 | Announcement time:2014/08/27 14:45 ,  The results have been announced!','2014-08-27 14:45:31','2014-08-27 14:45:31'),(15,21,NULL,'bet_start','[Bet Now!] 8月27日　巨人 vs 阪神　第２戦 | Bet start time:2014/08/27 15:20 , The bet has started!','2014-08-27 15:20:02','2014-08-27 15:20:02'),(16,21,NULL,'bet_result','[Result Announcement!] 8月27日　巨人 vs 阪神　第２戦 | Announcement time:2014/08/27 15:30 ,  The results have been announced!','2014-08-27 15:30:32','2014-08-27 15:30:32'),(17,22,NULL,'bet_start','[Bet Now!] 8月27日　巨人 vs 阪神　第3戦 | Bet start time:2014/08/27 15:50 , The bet has started!','2014-08-27 15:50:02','2014-08-27 15:50:02'),(18,22,NULL,'bet_result','[Result Announcement!] 8月27日　巨人 vs 阪神　第3戦 | Announcement time:2014/08/27 16:03 ,  The results have been announced!','2014-08-27 16:03:18','2014-08-27 16:03:18'),(19,23,NULL,'bet_start','[Bet Now!] 8月27日　巨人 vs 阪神　第４戦 | Bet start time:2014/08/27 16:15 , The bet has started!','2014-08-27 16:15:01','2014-08-27 16:15:01'),(20,23,NULL,'bet_result','[Result Announcement!] 8月27日　巨人 vs 阪神　第４戦 | Announcement time:2014/08/27 16:34 ,  The results have been announced!','2014-08-27 16:34:35','2014-08-27 16:34:35'),(21,25,NULL,'bet_start','[Bet Now!] ああああああああああああああああああああああああああああああああああああああああああああああああああああああああああああああああああああああああああああああああああいい | Bet start time:2014/08/27 19:40 , The bet has started!','2014-08-27 19:40:01','2014-08-27 19:40:01'),(22,26,NULL,'bet_start','[Bet Now!] 8月27日　巨人 vs 阪神　第５戦 | Bet start time:2014/08/28 10:55 , The bet has started!','2014-08-28 10:55:01','2014-08-28 10:55:01'),(23,27,NULL,'bet_start','[Bet Now!] 8月27日　巨人 vs 阪神　第５戦 | Bet start time:2014/08/30 07:25 , The bet has started!','2014-08-30 07:25:01','2014-08-30 07:25:01'),(24,28,NULL,'bet_start','[Bet Now!] 8月27日　巨人 vs 阪神　第6戦 | Bet start time:2014/08/31 13:25 , The bet has started!','2014-08-31 13:25:01','2014-08-31 13:25:01'),(25,29,NULL,'bet_start','[Bet Now!] 8月27日　巨人 vs 阪神　第７戦 | Bet start time:2014/08/31 15:05 , The bet has started!','2014-08-31 15:05:01','2014-08-31 15:05:01'),(26,30,NULL,'bet_start','[Bet Now!] test book999 | Bet start time:2014/08/31 15:10 , The bet has started!','2014-08-31 15:10:02','2014-08-31 15:10:02'),(27,31,NULL,'bet_start','[Bet Now!] book test 777 | Bet start time:2014/08/31 15:35 , The bet has started!','2014-08-31 15:35:02','2014-08-31 15:35:02'),(28,34,NULL,'bet_start','[Bet Now!] 8月27日　巨人 vs 阪神　第10戦 | Bet start time:2014/09/01 19:45 , The bet has started!','2014-09-01 19:45:01','2014-09-01 19:45:01'),(29,34,NULL,'bet_result','[Result Announcement!] 8月27日　巨人 vs 阪神　第10戦 | Announcement time:2014/09/01 20:05 ,  The results have been announced!','2014-09-01 20:05:52','2014-09-01 20:05:52'),(30,35,NULL,'bet_start','[Bet Now!] 8月27日　巨人 vs 阪神　第11戦 | Bet start time:2014/09/01 20:10 , The bet has started!','2014-09-01 20:10:01','2014-09-01 20:10:01'),(31,35,NULL,'bet_result','[Result Announcement!] 8月27日　巨人 vs 阪神　第11戦 | Announcement time:2014/09/02 04:58 ,  The results have been announced!','2014-09-02 04:58:53','2014-09-02 04:58:53'),(32,38,NULL,'bet_start','[Bet Now!] ９月２日　巨人 vs 阪神　第２戦 | Bet start time:2014/09/02 18:10 , The bet has started!','2014-09-02 18:10:02','2014-09-02 18:10:02'),(33,39,NULL,'bet_start','[Bet Now!] ９月２日　巨人 vs 阪神　第3戦 | Bet start time:2014/09/02 18:30 , The bet has started!','2014-09-02 19:10:02','2014-09-02 19:10:02'),(34,42,NULL,'bet_start','[Bet Now!] Aguirre Japan vs Uruguay, the first game in Hokkaido Japan | Bet start time:2014/09/02 20:30 , The bet has started!','2014-09-02 20:30:01','2014-09-02 20:30:01'),(35,31,NULL,'bet_result','[Result Announcement!] book test 777 | Announcement time:2014/09/04 20:15 ,  The results have been announced!','2014-09-04 20:15:57','2014-09-04 20:15:57'),(36,42,NULL,'bet_result','[Result Announcement!] Aguirre Japan vs Uruguay, the first game in Hokkaido Japan | Announcement time:2014/09/05 21:27 ,  The results have been announced!','2014-09-05 21:27:40','2014-09-05 21:27:40'),(37,43,NULL,'bet_start','[Bet Now!] 9月6日　巨人 vs 阪神　第1戦 | Bet start time:2014/09/06 11:10 , The bet has started!','2014-09-06 11:10:01','2014-09-06 11:10:01'),(38,40,NULL,'bet_start','[Bet Now!] ９月２日　巨人 vs 阪神　第２戦 | Bet start time:2014/09/06 14:00 , The bet has started!','2014-09-06 14:00:01','2014-09-06 14:00:01');
/*!40000 ALTER TABLE `updates` ENABLE KEYS */;
UNLOCK TABLES;

--
-- Table structure for table `users`
--

DROP TABLE IF EXISTS `users`;
/*!40101 SET @saved_cs_client     = @@character_set_client */;
/*!40101 SET character_set_client = utf8 */;
CREATE TABLE `users` (
  `id` int(20) NOT NULL AUTO_INCREMENT,
  `name` varchar(200) COLLATE utf8_unicode_ci NOT NULL COMMENT 'first input. facebook_username',
  `facebook_id` varchar(200) COLLATE utf8_unicode_ci NOT NULL,
  `facebook_link` varchar(200) COLLATE utf8_unicode_ci NOT NULL,
  `facebook_link_hide` int(1) NOT NULL DEFAULT '1' COMMENT '0=false, 1=true',
  `facebook_username` varchar(200) COLLATE utf8_unicode_ci NOT NULL,
  `facebook_gender` varchar(50) COLLATE utf8_unicode_ci NOT NULL,
  `facebook_mail` varchar(200) COLLATE utf8_unicode_ci NOT NULL,
  `mail` varchar(200) COLLATE utf8_unicode_ci NOT NULL COMMENT 'first input. facebook_mail',
  `point` int(20) NOT NULL DEFAULT '0',
  `betlist` int(10) NOT NULL DEFAULT '0',
  `makedbook` int(10) NOT NULL DEFAULT '0',
  `book_delete` int(10) NOT NULL DEFAULT '0',
  `result_timeover` int(10) NOT NULL DEFAULT '0',
  `profile` text COLLATE utf8_unicode_ci NOT NULL COMMENT 'first input. facebook_bio',
  `default_rate` int(4) NOT NULL DEFAULT '10',
  `facebook_auto_post` int(1) NOT NULL DEFAULT '1' COMMENT '0=false, 1=true',
  `mail_submit` int(1) NOT NULL DEFAULT '1' COMMENT '0=false, 1=true',
  `time_zone` varchar(40) COLLATE utf8_unicode_ci NOT NULL COMMENT 'id for table time_zones',
  `language` varchar(20) COLLATE utf8_unicode_ci NOT NULL COMMENT 'ex) english',
  `facebook_like_point` int(1) NOT NULL DEFAULT '0' COMMENT '0=false, 1=true',
  `login_count` int(10) NOT NULL DEFAULT '1',
  `make_bonus` int(2) DEFAULT NULL,
  `created` datetime NOT NULL,
  `modified` datetime NOT NULL,
  PRIMARY KEY (`id`)
) ENGINE=InnoDB AUTO_INCREMENT=16 DEFAULT CHARSET=utf8 COLLATE=utf8_unicode_ci;
/*!40101 SET character_set_client = @saved_cs_client */;

--
-- Dumping data for table `users`
--

LOCK TABLES `users` WRITE;
/*!40000 ALTER TABLE `users` DISABLE KEYS */;
INSERT INTO `users` VALUES (1,'ivan','facebook_id','facebook_link',1,'Ivan','male','ivan@intspirit.com','ivan@intspirit.com',0,0,0,0,0,'',10,1,1,'1','ru',0,1,NULL,'2014-07-17 10:41:15','2014-07-17 10:41:18'),(2,'James','james_id','james_link',1,'james','male','james@example.com','james@example.com',0,0,0,0,0,'',10,1,1,'1','ru',0,1,NULL,'2014-07-17 10:42:15','2014-07-17 10:42:18'),(8,'Iv Sk','1439948026269431','https://www.facebook.com/app_scoped_user_id/1439948026269431/',1,'Iv Sk','male','','',10,40,100,0,0,'',10,1,1,'4','en_US',0,1,NULL,'2014-07-18 17:53:14','2014-07-18 17:53:14'),(9,'Harry Amgjfehbiahc Ricesen','1483753945203452','https://www.facebook.com/app_scoped_user_id/1483753945203452/',1,'Harry Amgjfehbiahc Ricesen','male','evqkmbi_ricesen_1406612954@tfbnw.net','evqkmbi_ricesen_1406612954@tfbnw.net',1000,1,0,0,0,'',10,1,1,'9','ja_JP',0,4,NULL,'2014-08-02 20:12:51','2014-08-24 15:39:52'),(11,'Hideichi Saito','100001964908538','https://www.facebook.com/hideichi.saito',1,'Hideichi Saito','male','binbin4649@gmail.com','binbin4649@gmail.com',1006,32,28,0,4,'サンプルでーす。\r\n焼肉定食\r\n\r\nhttp://hideichi.com\r\n',10,1,1,'9','ja',0,51,NULL,'2014-08-19 17:38:01','2014-09-06 21:25:57'),(12,'Test User','100007603024761','https://www.facebook.com/profile.php?id=100007603024761',1,'Test User','female','test_vfvswji_user@tfbnw.net','test_vfvswji_user@tfbnw.net',1000,0,0,0,0,'',10,1,1,'0','ja_JP',0,8,NULL,'2014-08-21 13:32:33','2014-08-23 10:36:14'),(13,'Yohei  Muraoka','100002542493028','https://www.facebook.com/ymuraoka2',1,'Yohei  Muraoka','male','retroround@gmail.com','retroround@gmail.com',999,4,2,0,1,'',10,1,1,'9','ja_JP',0,14,NULL,'2014-08-24 16:04:53','2014-09-04 09:52:14'),(14,'Noboru Hirasawa','100002183548487','https://www.facebook.com/noboru.hirasawa.1',1,'Noboru Hirasawa','male','boss@assolato.net','boss@assolato.net',1025,5,3,0,0,'',10,1,1,'9','ja_JP',0,4,NULL,'2014-09-01 19:35:48','2014-09-06 22:12:01'),(15,'Shivam Sharma','100000518146877','https://www.facebook.com/profile.php?id=100000518146877',1,'Shivam Sharma','male','shivam_sharma5@yahoo.com','shivam_sharma5@yahoo.com',968,2,0,0,0,'',10,1,1,'5.5','en_US',0,2,NULL,'2014-09-04 03:51:28','2014-09-04 04:14:56');
/*!40000 ALTER TABLE `users` ENABLE KEYS */;
UNLOCK TABLES;
/*!40103 SET TIME_ZONE=@OLD_TIME_ZONE */;

/*!40101 SET SQL_MODE=@OLD_SQL_MODE */;
/*!40014 SET FOREIGN_KEY_CHECKS=@OLD_FOREIGN_KEY_CHECKS */;
/*!40014 SET UNIQUE_CHECKS=@OLD_UNIQUE_CHECKS */;
/*!40101 SET CHARACTER_SET_CLIENT=@OLD_CHARACTER_SET_CLIENT */;
/*!40101 SET CHARACTER_SET_RESULTS=@OLD_CHARACTER_SET_RESULTS */;
/*!40101 SET COLLATION_CONNECTION=@OLD_COLLATION_CONNECTION */;
/*!40111 SET SQL_NOTES=@OLD_SQL_NOTES */;

-- Dump completed on 2014-09-07 10:28:45
